[{"model": "auth.group", "pk": 1, "fields": {"name": "Guild Master", "permissions": [["add_guild", "bdo", "guild"], ["add_war", "bdo", "guild"], ["change_guild", "bdo", "guild"], ["change_guild_info", "bdo", "guild"], ["change_guild_integration", "bdo", "guild"], ["change_member_attendance", "bdo", "guild"], ["change_my_attendance", "bdo", "guild"], ["change_war", "bdo", "guild"], ["delete_guild", "bdo", "guild"], ["delete_war", "bdo", "guild"], ["manage_call_sign", "bdo", "guild"], ["manage_team", "bdo", "guild"], ["view_activity_log", "bdo", "guild"], ["view_history", "bdo", "guild"], ["view_members", "bdo", "guild"], ["view_overview", "bdo", "guild"], ["view_war", "bdo", "guild"]]}}, {"model": "auth.group", "pk": 2, "fields": {"name": "Officer", "permissions": [["add_war", "bdo", "guild"], ["change_guild_info", "bdo", "guild"], ["change_member_attendance", "bdo", "guild"], ["change_my_attendance", "bdo", "guild"], ["change_war", "bdo", "guild"], ["delete_war", "bdo", "guild"], ["manage_call_sign", "bdo", "guild"], ["manage_team", "bdo", "guild"], ["view_activity_log", "bdo", "guild"], ["view_history", "bdo", "guild"], ["view_members", "bdo", "guild"], ["view_overview", "bdo", "guild"], ["view_war", "bdo", "guild"]]}}, {"model": "auth.group", "pk": 3, "fields": {"name": "Quartermaster", "permissions": [["change_my_attendance", "bdo", "guild"], ["view_activity_log", "bdo", "guild"], ["view_history", "bdo", "guild"], ["view_members", "bdo", "guild"], ["view_overview", "bdo", "guild"], ["view_war", "bdo", "guild"]]}}, {"model": "auth.group", "pk": 4, "fields": {"name": "Member", "permissions": [["change_my_attendance", "bdo", "guild"], ["view_activity_log", "bdo", "guild"], ["view_history", "bdo", "guild"], ["view_members", "bdo", "guild"], ["view_overview", "bdo", "guild"], ["view_war", "bdo", "guild"]]}}, {"model": "auth.group", "pk": 5, "fields": {"name": "Mercenary", "permissions": [["change_member_attendance", "bdo", "guild"], ["view_overview", "bdo", "guild"], ["view_war", "bdo", "guild"]]}}, {"model": "bdo.characterclass", "pk": 1, "fields": {"name": "Warrior", "icon": "Warrior.png"}}, {"model": "bdo.characterclass", "pk": 2, "fields": {"name": "Sorceress", "icon": "Sorceress.png"}}, {"model": "bdo.characterclass", "pk": 3, "fields": {"name": "Berserker", "icon": "berserker.png"}}, {"model": "bdo.characterclass", "pk": 4, "fields": {"name": "Ranger", "icon": "Ranger.png"}}, {"model": "bdo.characterclass", "pk": 5, "fields": {"name": "Tamer", "icon": "Tamer.png"}}, {"model": "bdo.characterclass", "pk": 6, "fields": {"name": "Valkyrie", "icon": "valkyrie_2.png"}}, {"model": "bdo.characterclass", "pk": 7, "fields": {"name": "Musa", "icon": "Blader_musa.png"}}, {"model": "bdo.characterclass", "pk": 8, "fields": {"name": "Maehwa", "icon": "Plum_Maewha.png"}}, {"model": "bdo.characterclass", "pk": 9, "fields": {"name": "Ninja", "icon": "Ninja.png"}}, {"model": "bdo.characterclass", "pk": 10, "fields": {"name": "Kunoichi", "icon": "Kunoichi.png"}}, {"model": "bdo.characterclass", "pk": 11, "fields": {"name": "Witch", "icon": "Witch.png"}}, {"model": "bdo.characterclass", "pk": 12, "fields": {"name": "Wizard", "icon": "Wizard.png"}}, {"model": "bdo.characterclass", "pk": 13, "fields": {"name": "Dark Knight", "icon": "Dark_Knight.png"}}, {"model": "bdo.characterclass", "pk": 14, "fields": {"name": "Striker", "icon": "Striker.png"}}, {"model": "bdo.characterclass", "pk": 15, "fields": {"name": "Mystic", "icon": "Warrior_JFIYEyp.png"}}, {"model": "bdo.characterclass", "pk": 16, "fields": {"name": "Lahn", "icon": "lahn_3IcNhcT.png"}}, {"model": "bdo.wararea", "pk": 1, "fields": {"name": "Eastern Velia", "region": 0}}, {"model": "bdo.wararea", "pk": 2, "fields": {"name": "Western Velia", "region": 0}}, {"model": "bdo.wararea", "pk": 3, "fields": {"name": "Eastern Olvia", "region": 0}}, {"model": "bdo.wararea", "pk": 4, "fields": {"name": "Western Olvia", "region": 0}}, {"model": "bdo.wararea", "pk": 5, "fields": {"name": "Northern Serendia", "region": 1}}, {"model": "bdo.wararea", "pk": 6, "fields": {"name": "Serendia Cienaga", "region": 1}}, {"model": "bdo.wararea", "pk": 7, "fields": {"name": "Serendia Outer Mountain Range", "region": 1}}, {"model": "bdo.wararea", "pk": 8, "fields": {"name": "Serendia Neutral Zone", "region": 1}}, {"model": "bdo.wararea", "pk": 9, "fields": {"name": "Northeastern Calpheon", "region": 2}}, {"model": "bdo.wararea", "pk": 10, "fields": {"name": "Northwestern Calpheon", "region": 2}}, {"model": "bdo.wararea", "pk": 11, "fields": {"name": "Calpheon Castle Site", "region": 2}}, {"model": "bdo.wararea", "pk": 12, "fields": {"name": "Southwestern Calpheon", "region": 2}}, {"model": "bdo.wararea", "pk": 13, "fields": {"name": "Southern Calpheon", "region": 2}}, {"model": "bdo.wararea", "pk": 14, "fields": {"name": "Southern Keplan", "region": 2}}, {"model": "bdo.wararea", "pk": 15, "fields": {"name": "Northern Keplan", "region": 2}}, {"model": "bdo.wararea", "pk": 16, "fields": {"name": "Northern Mediah", "region": 3}}, {"model": "bdo.wararea", "pk": 17, "fields": {"name": "Central Mediah I", "region": 3}}, {"model": "bdo.wararea", "pk": 18, "fields": {"name": "Central Mediah II", "region": 3}}, {"model": "bdo.wararea", "pk": 19, "fields": {"name": "Southern Mediah", "region": 3}}, {"model": "bdo.wararea", "pk": 20, "fields": {"name": "Tungrad Forest", "region": 3}}, {"model": "bdo.wararea", "pk": 21, "fields": {"name": "Valencia Entrance I", "region": 4}}, {"model": "bdo.wararea", "pk": 22, "fields": {"name": "Valencia Entrance II", "region": 4}}, {"model": "bdo.wararea", "pk": 23, "fields": {"name": "The Great Desert", "region": 4}}, {"model": "bdo.wararea", "pk": 24, "fields": {"name": "Valencia North", "region": 4}}, {"model": "bdo.wararea", "pk": 25, "fields": {"name": "Valencia Center", "region": 4}}, {"model": "bdo.wararea", "pk": 26, "fields": {"name": "Southern Valencia", "region": 4}}, {"model": "bdo.wararea", "pk": 27, "fields": {"name": "Valencia Outskirts", "region": 4}}, {"model": "bdo.wararea", "pk": 28, "fields": {"name": "Calpheon", "region": 2}}, {"model": "bdo.wararea", "pk": 29, "fields": {"name": "Serendia", "region": 1}}, {"model": "bdo.wararea", "pk": 30, "fields": {"name": "Balenos", "region": 0}}, {"model": "bdo.wararea", "pk": 31, "fields": {"name": "Mediah", "region": 3}}, {"model": "bdo.wararea", "pk": 32, "fields": {"name": "Valencia", "region": 4}}, {"model": "bdo.warnode", "pk": 3, "fields": {"name": "Cron Castle", "war_day": 6, "war_channel": 1, "area": 1, "tier": 3}}, {"model": "bdo.warnode", "pk": 4, "fields": {"name": "Western Guard Camp", "war_day": 6, "war_channel": 1, "area": 2, "tier": 3}}, {"model": "bdo.warnode", "pk": 5, "fields": {"name": "Western Gateway", "war_day": 6, "war_channel": 1, "area": 3, "tier": 2}}, {"model": "bdo.warnode", "pk": 6, "fields": {"name": "Elder's Bridge", "war_day": 6, "war_channel": 1, "area": 4, "tier": 1}}, {"model": "bdo.warnode", "pk": 7, "fields": {"name": "Heidel Vicinity", "war_day": 0, "war_channel": 1, "area": 1, "tier": 1}}, {"model": "bdo.warnode", "pk": 8, "fields": {"name": "Coastal Cave", "war_day": 0, "war_channel": 1, "area": 2, "tier": 1}}, {"model": "bdo.warnode", "pk": 9, "fields": {"name": "Balenos River Mouth", "war_day": 0, "war_channel": 1, "area": 3, "tier": 1}}, {"model": "bdo.warnode", "pk": 10, "fields": {"name": "Thermian Cliff", "war_day": 0, "war_channel": 1, "area": 4, "tier": 1}}, {"model": "bdo.warnode", "pk": 11, "fields": {"name": "Forest of Plunder", "war_day": 1, "war_channel": 1, "area": 1, "tier": 1}}, {"model": "bdo.warnode", "pk": 12, "fields": {"name": "Toscani Farm", "war_day": 1, "war_channel": 1, "area": 2, "tier": 1}}, {"model": "bdo.warnode", "pk": 13, "fields": {"name": "Wolf Hill", "war_day": 1, "war_channel": 1, "area": 3, "tier": 1}}, {"model": "bdo.warnode", "pk": 14, "fields": {"name": "Mask Owl Forest", "war_day": 1, "war_channel": 1, "area": 4, "tier": 2}}, {"model": "bdo.warnode", "pk": 15, "fields": {"name": "Cron Castle Site", "war_day": 2, "war_channel": 1, "area": 1, "tier": 2}}, {"model": "bdo.warnode", "pk": 16, "fields": {"name": "Agris Altr", "war_day": 2, "war_channel": 1, "area": 2, "tier": 1}}, {"model": "bdo.warnode", "pk": 17, "fields": {"name": "Casta Farm", "war_day": 2, "war_channel": 1, "area": 3, "tier": 1}}, {"model": "bdo.warnode", "pk": 18, "fields": {"name": "Epheria Ridge", "war_day": 2, "war_channel": 1, "area": 4, "tier": 1}}, {"model": "bdo.warnode", "pk": 19, "fields": {"name": "Ehwaz Hill", "war_day": 3, "war_channel": 1, "area": 1, "tier": 1}}, {"model": "bdo.warnode", "pk": 20, "fields": {"name": "Imp Cave", "war_day": 3, "war_channel": 1, "area": 2, "tier": 2}}, {"model": "bdo.warnode", "pk": 21, "fields": {"name": "Olvia Coast", "war_day": 3, "war_channel": 1, "area": 3, "tier": 2}}, {"model": "bdo.warnode", "pk": 22, "fields": {"name": "Foot of Thermian Mountain", "war_day": 3, "war_channel": 1, "area": 4, "tier": 1}}, {"model": "bdo.warnode", "pk": 23, "fields": {"name": "Goblin Cave", "war_day": 4, "war_channel": 1, "area": 1, "tier": 2}}, {"model": "bdo.warnode", "pk": 24, "fields": {"name": "Ancient Stone Chamber", "war_day": 4, "war_channel": 1, "area": 2, "tier": 2}}, {"model": "bdo.warnode", "pk": 25, "fields": {"name": "Wale Farm", "war_day": 4, "war_channel": 1, "area": 3, "tier": 1}}, {"model": "bdo.warnode", "pk": 26, "fields": {"name": "Florin Gateway", "war_day": 4, "war_channel": 1, "area": 4, "tier": 2}}, {"model": "bdo.warnode", "pk": 27, "fields": {"name": "Lynch Ranch", "war_day": 6, "war_channel": 1, "area": 5, "tier": 1}}, {"model": "bdo.warnode", "pk": 28, "fields": {"name": "Glish Ruins", "war_day": 6, "war_channel": 1, "area": 6, "tier": 3}}, {"model": "bdo.warnode", "pk": 29, "fields": {"name": "Eastern Gateway", "war_day": 6, "war_channel": 1, "area": 7, "tier": 1}}, {"model": "bdo.warnode", "pk": 30, "fields": {"name": "Watch Tower", "war_day": 6, "war_channel": 1, "area": 8, "tier": 1}}, {"model": "bdo.warnode", "pk": 31, "fields": {"name": "Northern Guard Camp", "war_day": 0, "war_channel": 1, "area": 5, "tier": 1}}, {"model": "bdo.warnode", "pk": 32, "fields": {"name": "Central Guard Camp", "war_day": 0, "war_channel": 1, "area": 6, "tier": 1}}, {"model": "bdo.warnode", "pk": 33, "fields": {"name": "Southern Guard Camp", "war_day": 0, "war_channel": 1, "area": 7, "tier": 1}}, {"model": "bdo.warnode", "pk": 34, "fields": {"name": "Southwestern Gateway", "war_day": 0, "war_channel": 1, "area": 8, "tier": 1}}, {"model": "bdo.warnode", "pk": 35, "fields": {"name": "Eastern Border", "war_day": 1, "war_channel": 1, "area": 5, "tier": 3}}, {"model": "bdo.warnode", "pk": 36, "fields": {"name": "Northwestern Gateway", "war_day": 1, "war_channel": 1, "area": 6, "tier": 2}}, {"model": "bdo.warnode", "pk": 37, "fields": {"name": "Moretti Plantation", "war_day": 1, "war_channel": 1, "area": 7, "tier": 3}}, {"model": "bdo.warnode", "pk": 38, "fields": {"name": "Biraghi Den", "war_day": 1, "war_channel": 1, "area": 8, "tier": 2}}, {"model": "bdo.warnode", "pk": 39, "fields": {"name": "Northern Serendia Plains", "war_day": 2, "war_channel": 1, "area": 5, "tier": 1}}, {"model": "bdo.warnode", "pk": 40, "fields": {"name": "Costa Farm", "war_day": 2, "war_channel": 1, "area": 6, "tier": 1}}, {"model": "bdo.warnode", "pk": 41, "fields": {"name": "Abandoned Castle Site", "war_day": 2, "war_channel": 1, "area": 7, "tier": 2}}, {"model": "bdo.warnode", "pk": 42, "fields": {"name": "Bradie Fortress", "war_day": 2, "war_channel": 1, "area": 8, "tier": 1}}, {"model": "bdo.warnode", "pk": 43, "fields": {"name": "Alejandro Farm", "war_day": 3, "war_channel": 1, "area": 5, "tier": 1}}, {"model": "bdo.warnode", "pk": 44, "fields": {"name": "Glish Swamp", "war_day": 3, "war_channel": 1, "area": 6, "tier": 2}}, {"model": "bdo.warnode", "pk": 45, "fields": {"name": "Bloody Monstery", "war_day": 3, "war_channel": 1, "area": 7, "tier": 1}}, {"model": "bdo.warnode", "pk": 46, "fields": {"name": "Southern Neutral Zone", "war_day": 3, "war_channel": 1, "area": 8, "tier": 1}}, {"model": "bdo.warnode", "pk": 47, "fields": {"name": "Heidel North Quarry", "war_day": 4, "war_channel": 1, "area": 5, "tier": 2}}, {"model": "bdo.warnode", "pk": 48, "fields": {"name": "Southern Cienaga", "war_day": 4, "war_channel": 1, "area": 6, "tier": 1}}, {"model": "bdo.warnode", "pk": 49, "fields": {"name": "Serendia Temple", "war_day": 4, "war_channel": 1, "area": 7, "tier": 2}}, {"model": "bdo.warnode", "pk": 50, "fields": {"name": "Orc Camp", "war_day": 4, "war_channel": 1, "area": 8, "tier": 1}}, {"model": "bdo.warnode", "pk": 51, "fields": {"name": "Northern Wheat Plantation", "war_day": 6, "war_channel": 1, "area": 9, "tier": 3}}, {"model": "bdo.warnode", "pk": 52, "fields": {"name": "Delphe Knights Castle", "war_day": 0, "war_channel": 1, "area": 9, "tier": 1}}, {"model": "bdo.warnode", "pk": 57, "fields": {"name": "Bree Tree Ruins", "war_day": 1, "war_channel": 1, "area": 9, "tier": 1}}, {"model": "bdo.warnode", "pk": 58, "fields": {"name": "Khuruto Cave", "war_day": 2, "war_channel": 1, "area": 9, "tier": 1}}, {"model": "bdo.warnode", "pk": 59, "fields": {"name": "Delpe Outpist", "war_day": 3, "war_channel": 1, "area": 9, "tier": 2}}, {"model": "bdo.warnode", "pk": 60, "fields": {"name": "Karanda Ridge", "war_day": 4, "war_channel": 1, "area": 9, "tier": 1}}, {"model": "bdo.warnode", "pk": 61, "fields": {"name": "Epheria Valley", "war_day": 6, "war_channel": 1, "area": 10, "tier": 1}}, {"model": "bdo.warnode", "pk": 62, "fields": {"name": "Abandoned Land", "war_day": 0, "war_channel": 1, "area": 10, "tier": 1}}, {"model": "bdo.warnode", "pk": 63, "fields": {"name": "Quint Hill", "war_day": 1, "war_channel": 1, "area": 10, "tier": 2}}, {"model": "bdo.warnode", "pk": 64, "fields": {"name": "Anti-Troll Fortification", "war_day": 2, "war_channel": 1, "area": 10, "tier": 3}}, {"model": "bdo.warnode", "pk": 65, "fields": {"name": "Contaiminated Farm", "war_day": 3, "war_channel": 1, "area": 10, "tier": 1}}, {"model": "bdo.warnode", "pk": 66, "fields": {"name": "Epheria Sentry Post", "war_day": 4, "war_channel": 1, "area": 10, "tier": 2}}, {"model": "bdo.warnode", "pk": 67, "fields": {"name": "Rhutum Outstation", "war_day": 6, "war_channel": 1, "area": 11, "tier": 2}}, {"model": "bdo.warnode", "pk": 68, "fields": {"name": "North Kaia Mountain", "war_day": 0, "war_channel": 1, "area": 11, "tier": 1}}, {"model": "bdo.warnode", "pk": 69, "fields": {"name": "Lakae Kaia", "war_day": 1, "war_channel": 1, "area": 11, "tier": 1}}, {"model": "bdo.warnode", "pk": 70, "fields": {"name": "Catfishman Camp", "war_day": 2, "war_channel": 1, "area": 11, "tier": 2}}, {"model": "bdo.warnode", "pk": 71, "fields": {"name": "Mansha Forest", "war_day": 3, "war_channel": 1, "area": 11, "tier": 3}}, {"model": "bdo.warnode", "pk": 72, "fields": {"name": "Tobare's Cabin", "war_day": 4, "war_channel": 1, "area": 11, "tier": 1}}, {"model": "bdo.warnode", "pk": 73, "fields": {"name": "Behr Riverhead", "war_day": 6, "war_channel": 1, "area": 12, "tier": 1}}, {"model": "bdo.warnode", "pk": 74, "fields": {"name": "Phoniel's Cabin", "war_day": 0, "war_channel": 1, "area": 12, "tier": 2}}, {"model": "bdo.warnode", "pk": 75, "fields": {"name": "Longleaf Tree Forest", "war_day": 1, "war_channel": 1, "area": 12, "tier": 1}}, {"model": "bdo.warnode", "pk": 76, "fields": {"name": "Longleaf Tree Sentry Post", "war_day": 2, "war_channel": 1, "area": 12, "tier": 1}}, {"model": "bdo.warnode", "pk": 77, "fields": {"name": "Crioville", "war_day": 3, "war_channel": 1, "area": 12, "tier": 2}}, {"model": "bdo.warnode", "pk": 78, "fields": {"name": "Treant Forest", "war_day": 4, "war_channel": 1, "area": 12, "tier": 1}}, {"model": "bdo.warnode", "pk": 79, "fields": {"name": "Hexe Sanctuary", "war_day": 6, "war_channel": 1, "area": 13, "tier": 3}}, {"model": "bdo.warnode", "pk": 80, "fields": {"name": "Hexe Stone Wall", "war_day": 0, "war_channel": 1, "area": 13, "tier": 3}}, {"model": "bdo.warnode", "pk": 81, "fields": {"name": "Marie Cave", "war_day": 1, "war_channel": 1, "area": 13, "tier": 2}}, {"model": "bdo.warnode", "pk": 82, "fields": {"name": "Witch's Chapel", "war_day": 2, "war_channel": 1, "area": 13, "tier": 1}}, {"model": "bdo.warnode", "pk": 83, "fields": {"name": "Behr River Downstream", "war_day": 3, "war_channel": 1, "area": 13, "tier": 1}}, {"model": "bdo.warnode", "pk": 84, "fields": {"name": "Rhua Tree Stub", "war_day": 4, "war_channel": 1, "area": 13, "tier": 1}}, {"model": "bdo.warnode", "pk": 85, "fields": {"name": "Beacon Entrance Post", "war_day": 6, "war_channel": 1, "area": 14, "tier": 1}}, {"model": "bdo.warnode", "pk": 86, "fields": {"name": "Saunil Camp", "war_day": 0, "war_channel": 1, "area": 14, "tier": 2}}, {"model": "bdo.warnode", "pk": 87, "fields": {"name": "Primal Giant Posts", "war_day": 1, "war_channel": 1, "area": 14, "tier": 1}}, {"model": "bdo.warnode", "pk": 88, "fields": {"name": "Trina Fort", "war_day": 2, "war_channel": 1, "area": 14, "tier": 3}}, {"model": "bdo.warnode", "pk": 89, "fields": {"name": "Trina Beacon Mounds", "war_day": 3, "war_channel": 1, "area": 14, "tier": 1}}, {"model": "bdo.warnode", "pk": 90, "fields": {"name": "Marni's Lab", "war_day": 4, "war_channel": 1, "area": 14, "tier": 1}}, {"model": "bdo.warnode", "pk": 91, "fields": {"name": "Northern Abandoned Quarry", "war_day": 6, "war_channel": 1, "area": 15, "tier": 1}}, {"model": "bdo.warnode", "pk": 92, "fields": {"name": "Oze Pass", "war_day": 0, "war_channel": 1, "area": 15, "tier": 3}}, {"model": "bdo.warnode", "pk": 93, "fields": {"name": "Keplan Hill", "war_day": 1, "war_channel": 1, "area": 15, "tier": 1}}, {"model": "bdo.warnode", "pk": 94, "fields": {"name": "Keplan Vicinity", "war_day": 2, "war_channel": 1, "area": 15, "tier": 1}}, {"model": "bdo.warnode", "pk": 95, "fields": {"name": "Abandoned Quarry", "war_day": 3, "war_channel": 1, "area": 15, "tier": 1}}, {"model": "bdo.warnode", "pk": 96, "fields": {"name": "Oze's House", "war_day": 4, "war_channel": 1, "area": 15, "tier": 2}}, {"model": "bdo.warnode", "pk": 97, "fields": {"name": "Sarma Outpost", "war_day": 6, "war_channel": 1, "area": 16, "tier": 3}}, {"model": "bdo.warnode", "pk": 98, "fields": {"name": "Northern Mediah Gateway", "war_day": 0, "war_channel": 1, "area": 16, "tier": 2}}, {"model": "bdo.warnode", "pk": 99, "fields": {"name": "Sausan Garrison", "war_day": 1, "war_channel": 1, "area": 16, "tier": 1}}, {"model": "bdo.warnode", "pk": 100, "fields": {"name": "Mediah Northern Highland", "war_day": 2, "war_channel": 1, "area": 16, "tier": 1}}, {"model": "bdo.warnode", "pk": 101, "fields": {"name": "Stonetail Wasteland", "war_day": 3, "war_channel": 1, "area": 16, "tier": 1}}, {"model": "bdo.warnode", "pk": 102, "fields": {"name": "Kusha Village", "war_day": 4, "war_channel": 1, "area": 16, "tier": 1}}, {"model": "bdo.warnode", "pk": 103, "fields": {"name": "Kamasilve Temple", "war_day": 6, "war_channel": 1, "area": 17, "tier": 3}}, {"model": "bdo.warnode", "pk": 104, "fields": {"name": "Canyon of Corruption", "war_day": 0, "war_channel": 1, "area": 17, "tier": 1}}, {"model": "bdo.warnode", "pk": 105, "fields": {"name": "Elric Temple", "war_day": 1, "war_channel": 1, "area": 17, "tier": 2}}, {"model": "bdo.warnode", "pk": 106, "fields": {"name": "Ancient Ruins Excavation Site", "war_day": 2, "war_channel": 1, "area": 17, "tier": 1}}, {"model": "bdo.warnode", "pk": 107, "fields": {"name": "Helms Post", "war_day": 3, "war_channel": 1, "area": 17, "tier": 1}}, {"model": "bdo.warnode", "pk": 108, "fields": {"name": "Stonetail Horse Ranch", "war_day": 4, "war_channel": 1, "area": 17, "tier": 1}}, {"model": "bdo.warnode", "pk": 109, "fields": {"name": "Stonebeak Shore", "war_day": 6, "war_channel": 1, "area": 18, "tier": 2}}, {"model": "bdo.warnode", "pk": 110, "fields": {"name": "Omar Lava Cave", "war_day": 0, "war_channel": 1, "area": 18, "tier": 2}}, {"model": "bdo.warnode", "pk": 111, "fields": {"name": "Asula Highland", "war_day": 1, "war_channel": 1, "area": 18, "tier": 1}}, {"model": "bdo.warnode", "pk": 112, "fields": {"name": "Manes Hideout", "war_day": 2, "war_channel": 1, "area": 18, "tier": 1}}, {"model": "bdo.warnode", "pk": 113, "fields": {"name": "Ahto Farm", "war_day": 3, "war_channel": 1, "area": 18, "tier": 1}}, {"model": "bdo.warnode", "pk": 114, "fields": {"name": "Awakening Bell", "war_day": 4, "war_channel": 1, "area": 18, "tier": 3}}, {"model": "bdo.warnode", "pk": 115, "fields": {"name": "Alumn Rock Valley", "war_day": 6, "war_channel": 1, "area": 19, "tier": 1}}, {"model": "bdo.warnode", "pk": 116, "fields": {"name": "Wandering Rogue Den", "war_day": 0, "war_channel": 1, "area": 19, "tier": 1}}, {"model": "bdo.warnode", "pk": 117, "fields": {"name": "Abandoned Iron Mine", "war_day": 1, "war_channel": 1, "area": 19, "tier": 2}}, {"model": "bdo.warnode", "pk": 118, "fields": {"name": "Marni's 2nd Lab", "war_day": 2, "war_channel": 1, "area": 19, "tier": 1}}, {"model": "bdo.warnode", "pk": 119, "fields": {"name": "Splashing Point", "war_day": 3, "war_channel": 1, "area": 19, "tier": 3}}, {"model": "bdo.warnode", "pk": 120, "fields": {"name": "Kasula Farm", "war_day": 4, "war_channel": 1, "area": 19, "tier": 1}}, {"model": "bdo.warnode", "pk": 121, "fields": {"name": "Hasrah Cliff", "war_day": 6, "war_channel": 1, "area": 20, "tier": 2}}, {"model": "bdo.warnode", "pk": 122, "fields": {"name": "Tungrad Forest", "war_day": 2, "war_channel": 1, "area": 20, "tier": 2}}, {"model": "bdo.warnode", "pk": 123, "fields": {"name": "Soldier's Grave", "war_day": 4, "war_channel": 1, "area": 20, "tier": 2}}, {"model": "bdo.warnode", "pk": 124, "fields": {"name": "Rock Post", "war_day": 6, "war_channel": 1, "area": 21, "tier": 3}}, {"model": "bdo.warnode", "pk": 125, "fields": {"name": "Taphtar Plain", "war_day": 0, "war_channel": 1, "area": 21, "tier": 1}}, {"model": "bdo.warnode", "pk": 126, "fields": {"name": "Gorgo Rock Belt", "war_day": 1, "war_channel": 1, "area": 21, "tier": 2}}, {"model": "bdo.warnode", "pk": 127, "fields": {"name": "Veteran's Canyon", "war_day": 2, "war_channel": 1, "area": 21, "tier": 1}}, {"model": "bdo.warnode", "pk": 128, "fields": {"name": "Cadry Ruins", "war_day": 3, "war_channel": 1, "area": 21, "tier": 2}}, {"model": "bdo.warnode", "pk": 129, "fields": {"name": "Ruined Rune", "war_day": 4, "war_channel": 1, "area": 21, "tier": 1}}, {"model": "bdo.warnode", "pk": 130, "fields": {"name": "Capotia", "war_day": 6, "war_channel": 1, "area": 22, "tier": 2}}, {"model": "bdo.warnode", "pk": 131, "fields": {"name": "Pujiya Canyon", "war_day": 0, "war_channel": 1, "area": 22, "tier": 1}}, {"model": "bdo.warnode", "pk": 132, "fields": {"name": "Bashim Base", "war_day": 1, "war_channel": 1, "area": 22, "tier": 1}}, {"model": "bdo.warnode", "pk": 133, "fields": {"name": "Waragon Nest", "war_day": 2, "war_channel": 1, "area": 22, "tier": 1}}, {"model": "bdo.warnode", "pk": 134, "fields": {"name": "Altinova Gate", "war_day": 3, "war_channel": 1, "area": 22, "tier": 1}}, {"model": "bdo.warnode", "pk": 135, "fields": {"name": "Barhan Gateway", "war_day": 4, "war_channel": 1, "area": 22, "tier": 3}}, {"model": "bdo.warnode", "pk": 136, "fields": {"name": "Ibellab Oasis", "war_day": 6, "war_channel": 1, "area": 23, "tier": 3}}, {"model": "bdo.warnode", "pk": 137, "fields": {"name": "Desert Naga Temple", "war_day": 1, "war_channel": 1, "area": 23, "tier": 1}}, {"model": "bdo.warnode", "pk": 138, "fields": {"name": "Pilgrim's Sanctum: Abstinence", "war_day": 3, "war_channel": 1, "area": 23, "tier": 1}}, {"model": "bdo.warnode", "pk": 139, "fields": {"name": "Grieving Grave", "war_day": 4, "war_channel": 1, "area": 23, "tier": 1}}, {"model": "bdo.warnode", "pk": 140, "fields": {"name": "Ancado Coast", "war_day": 6, "war_channel": 1, "area": 24, "tier": 3}}, {"model": "bdo.warnode", "pk": 141, "fields": {"name": "Altas Farmland", "war_day": 1, "war_channel": 1, "area": 24, "tier": 1}}, {"model": "bdo.warnode", "pk": 142, "fields": {"name": "Pilgrm's Sanctum: Obedience", "war_day": 2, "war_channel": 1, "area": 24, "tier": 1}}, {"model": "bdo.warnode", "pk": 143, "fields": {"name": "Rakshan Observatory", "war_day": 4, "war_channel": 1, "area": 24, "tier": 1}}, {"model": "bdo.warnode", "pk": 144, "fields": {"name": "Pilgrim's Sanctum: Fasting", "war_day": 6, "war_channel": 1, "area": 25, "tier": 1}}, {"model": "bdo.warnode", "pk": 145, "fields": {"name": "Valencia Castle Site", "war_day": 0, "war_channel": 1, "area": 25, "tier": 3}}, {"model": "bdo.warnode", "pk": 146, "fields": {"name": "Valencia Plantation", "war_day": 2, "war_channel": 1, "area": 25, "tier": 1}}, {"model": "bdo.warnode", "pk": 147, "fields": {"name": "Erdal Farm", "war_day": 3, "war_channel": 1, "area": 25, "tier": 1}}, {"model": "bdo.warnode", "pk": 148, "fields": {"name": "Fohalam Farm", "war_day": 4, "war_channel": 1, "area": 25, "tier": 1}}, {"model": "bdo.warnode", "pk": 149, "fields": {"name": "Crescent Shrine", "war_day": 6, "war_channel": 1, "area": 26, "tier": 2}}, {"model": "bdo.warnode", "pk": 150, "fields": {"name": "Western Plateau of Valencia", "war_day": 0, "war_channel": 1, "area": 26, "tier": 1}}, {"model": "bdo.warnode", "pk": 151, "fields": {"name": "Crescent Mountain", "war_day": 1, "war_channel": 1, "area": 26, "tier": 2}}, {"model": "bdo.warnode", "pk": 152, "fields": {"name": "Aakman", "war_day": 2, "war_channel": 1, "area": 26, "tier": 2}}, {"model": "bdo.warnode", "pk": 153, "fields": {"name": "Pilgrim's Sanctum: Sincerity", "war_day": 3, "war_channel": 1, "area": 26, "tier": 1}}, {"model": "bdo.warnode", "pk": 154, "fields": {"name": "Pilgrim's Sanctum: Humility", "war_day": 4, "war_channel": 1, "area": 26, "tier": 1}}, {"model": "bdo.warnode", "pk": 155, "fields": {"name": "Gavinya Volcano Zone", "war_day": 6, "war_channel": 1, "area": 27, "tier": 2}}, {"model": "bdo.warnode", "pk": 156, "fields": {"name": "Ivory Wasteland", "war_day": 0, "war_channel": 1, "area": 27, "tier": 2}}, {"model": "bdo.warnode", "pk": 157, "fields": {"name": "Gavinya Great Crater", "war_day": 1, "war_channel": 1, "area": 27, "tier": 1}}, {"model": "bdo.warnode", "pk": 158, "fields": {"name": "Roud Sulfur Works", "war_day": 2, "war_channel": 1, "area": 27, "tier": 2}}, {"model": "bdo.warnode", "pk": 159, "fields": {"name": "Ivero Cliff", "war_day": 3, "war_channel": 1, "area": 27, "tier": 1}}, {"model": "bdo.warnode", "pk": 160, "fields": {"name": "Gavinya Coast Cliff", "war_day": 4, "war_channel": 1, "area": 27, "tier": 1}}, {"model": "bdo.warnode", "pk": 161, "fields": {"name": "Calpheon", "war_day": 5, "war_channel": 1, "area": 28, "tier": 4}}, {"model": "bdo.warnode", "pk": 162, "fields": {"name": "Serendia", "war_day": 5, "war_channel": 1, "area": 29, "tier": 4}}, {"model": "bdo.warnode", "pk": 163, "fields": {"name": "Balenos", "war_day": 5, "war_channel": 1, "area": 30, "tier": 4}}, {"model": "bdo.warnode", "pk": 164, "fields": {"name": "Mediah", "war_day": 5, "war_channel": 1, "area": 31, "tier": 4}}, {"model": "bdo.warnode", "pk": 165, "fields": {"name": "Valencia", "war_day": 5, "war_channel": 1, "area": 32, "tier": 4}}, {"model": "bdo.guildrole", "pk": 1, "fields": {"icon": "", "custom_for": null, "permissions": [["add_guild", "bdo", "guild"], ["add_war", "bdo", "guild"], ["change_guild", "bdo", "guild"], ["change_guild_info", "bdo", "guild"], ["change_guild_integration", "bdo", "guild"], ["change_member_attendance", "bdo", "guild"], ["change_my_attendance", "bdo", "guild"], ["change_war", "bdo", "guild"], ["delete_guild", "bdo", "guild"], ["delete_war", "bdo", "guild"], ["manage_call_sign", "bdo", "guild"], ["manage_team", "bdo", "guild"], ["view_activity_log", "bdo", "guild"], ["view_history", "bdo", "guild"], ["view_members", "bdo", "guild"], ["view_overview", "bdo", "guild"], ["view_war", "bdo", "guild"]]}}, {"model": "bdo.guildrole", "pk": 2, "fields": {"icon": "", "custom_for": null, "permissions": [["add_war", "bdo", "guild"], ["change_guild_info", "bdo", "guild"], ["change_member_attendance", "bdo", "guild"], ["change_my_attendance", "bdo", "guild"], ["change_war", "bdo", "guild"], ["delete_war", "bdo", "guild"], ["manage_call_sign", "bdo", "guild"], ["manage_team", "bdo", "guild"], ["view_activity_log", "bdo", "guild"], ["view_history", "bdo", "guild"], ["view_members", "bdo", "guild"], ["view_overview", "bdo", "guild"], ["view_war", "bdo", "guild"]]}}, {"model": "bdo.guildrole", "pk": 3, "fields": {"icon": "", "custom_for": null, "permissions": [["change_my_attendance", "bdo", "guild"], ["view_activity_log", "bdo", "guild"], ["view_history", "bdo", "guild"], ["view_members", "bdo", "guild"], ["view_overview", "bdo", "guild"], ["view_war", "bdo", "guild"]]}}, {"model": "bdo.guildrole", "pk": 4, "fields": {"icon": "", "custom_for": null, "permissions": [["change_my_attendance", "bdo", "guild"], ["view_activity_log", "bdo", "guild"], ["view_history", "bdo", "guild"], ["view_members", "bdo", "guild"], ["view_overview", "bdo", "guild"], ["view_war", "bdo", "guild"]]}}, {"model": "bdo.guildrole", "pk": 5, "fields": {"icon": "", "custom_for": null, "permissions": [["change_member_attendance", "bdo", "guild"], ["view_overview", "bdo", "guild"], ["view_war", "bdo", "guild"]]}}, {"model": "bdo.warrole", "pk": -1, "fields": {"name": "Any", "custom_for": null}}, {"model": "bdo.warrole", "pk": 2, "fields": {"name": "Offense", "custom_for": null}}, {"model": "bdo.warrole", "pk": 3, "fields": {"name": "Defense", "custom_for": null}}, {"model": "bdo.warrole", "pk": 5, "fields": {"name": "Cannoneer", "custom_for": null}}, {"model": "bdo.warrole", "pk": 6, "fields": {"name": "Flame Tower", "custom_for": null}}, {"model": "bdo.warrole", "pk": 7, "fields": {"name": "Hwatcha", "custom_for": null}}, {"model": "bdo.warrole", "pk": 8, "fields": {"name": "Elephant Rider", "custom_for": null}}]